[
  {
    "Id": "0",
    "Name": "Silverlight Color Wheel 1.0 Beta",
    "DevelopmentStatus": "Beta",
    "Description": "Initial beta",
    "ReleasedDatge": "0001-01-01T00:00:00",
    "ModifiedDate": "2011-12-08T13:40:35.203-08:00",
    "Files": [
      {
        "Id": "dc3a847e-cf12-4ae6-a1a6-4431a039f16b",
        "FileName": "sl_sources.zip",
        "Url": "./0/dc3a847e-cf12-4ae6-a1a6-4431a039f16b",
        "Type": "Application",
        "UploadDate": "2011-12-08T13:40:35.157-08:00"
      },
      {
        "Id": "dc30c7cc-f5b2-42f9-b93e-4298b4d7ab52",
        "FileName": "sl_binaries.zip",
        "Url": "./0/dc30c7cc-f5b2-42f9-b93e-4298b4d7ab52",
        "Type": "Application",
        "UploadDate": "2011-12-08T13:40:35.127-08:00"
      }
    ]
  },
  {
    "Id": "1",
    "Name": "ColorWheel Control and Tools Version 1",
    "DevelopmentStatus": "Stable",
    "Description": "Bug fixes, new features",
    "ReleasedDatge": "0001-01-01T00:00:00",
    "ModifiedDate": "2012-04-13T13:26:39.69-07:00",
    "Files": [
      {
        "Id": "79b9ba56-6252-4226-85f5-f7e024b8a460",
        "FileName": "binaries.txt",
        "Url": "./1/79b9ba56-6252-4226-85f5-f7e024b8a460",
        "Type": "Application",
        "UploadDate": "2012-04-13T13:26:30.873-07:00"
      },
      {
        "Id": "346dd2e1-a422-40a9-975e-6c3e46dc651f",
        "FileName": "ColorWheel.zip",
        "Url": "./1/346dd2e1-a422-40a9-975e-6c3e46dc651f",
        "Type": "Source Code",
        "UploadDate": "2012-04-13T13:25:58.33-07:00"
      }
    ]
  }
]