[
  {
    "Title": "Home",
    "Id": "803157",
    "ParentWikiTitle": "Home",
    "FileExtension": "codeplexwiki",
    "UpdatedDate": "2013-12-01T10:06:07.653-08:00",
    "FileAttachments": [
      {
        "Id": "d89c4cfe-272d-4bbc-82f6-e5a4826cbdb9",
        "FileName": "colorwheel.JPG",
        "DownloadUri": "./803157/d89c4cfe-272d-4bbc-82f6-e5a4826cbdb9"
      },
      {
        "Id": "d9157f9c-d2db-452f-b526-6b9bf602b288",
        "FileName": "colorwheel_control.JPG",
        "DownloadUri": "./803157/d9157f9c-d2db-452f-b526-6b9bf602b288"
      },
      {
        "Id": "600186ab-da35-422b-b2fd-80b86457a52d",
        "FileName": "brisat.JPG",
        "DownloadUri": "./803157/600186ab-da35-422b-b2fd-80b86457a52d"
      },
      {
        "Id": "e91084d8-4be0-4978-a8df-b2ece2b2da3d",
        "FileName": "sliders.JPG",
        "DownloadUri": "./803157/e91084d8-4be0-4978-a8df-b2ece2b2da3d"
      }
    ]
  }
]
